Photo Filename,Photo Caption
photos/72b0c4ca-3930-48cb-9703-3a656c578ad9.jpg,""
photos/e3b8051f-ffd5-4bda-8a6c-92f42b72e764.jpg,""
photos/81260875-1c19-4d9e-a6af-8442b8171503.jpg,""
photos/8db46bc9-9cbf-43a1-8818-cc4409b6e386.jpg,""
photos/c7d240c7-aee1-4235-911d-ac25d49a8a6f.jpg,""
photos/8b842525-3f30-47e1-a26e-0e51334fdc5f.jpg,""
photos/b7959b53-2304-4ed9-9e3e-688a5d9aaecb.jpg,""
photos/3d2077f5-7995-49e8-8b8d-a6827ef4e652.jpg,""
photos/7cda6f65-5114-4bf7-a334-f1b6ad06045c.jpg,""
photos/09904ff5-6d23-4e34-bcd1-7fe486bbbf8a.jpg,""
photos/2c0167a3-c810-49f9-9dce-84fdbc30a9ba.jpg,""
photos/814abe24-f02c-4914-8da4-7747a61d5f76.jpg,""
photos/94c89498-6e99-46a3-a69d-0e74070654b9.jpg,""
photos/842550fe-b8d7-428d-85f9-96f5cf15c1e1.jpg,""
photos/26613e37-2dfa-4e49-8660-cdcbca5e7284.jpg,""
photos/e73be37e-ede3-4a0f-9057-54fb50f738d4.jpg,""
photos/43c7221b-0f9d-4f1c-b492-acfcc06b07f4.jpg,""
photos/555d55c3-2d3b-408e-ba72-b3e95372fe70.jpg,""
photos/d3fdb1a0-f9a8-4b66-98f7-5e33feeef131.jpg,""
photos/bf3ebcbd-3211-41aa-9495-ff77efee46a7.jpg,""
photos/8cff4c83-a174-4d62-ada9-058b1f24bb91.jpg,""
photos/1466b01c-eadf-4a3e-a8d9-ad27d88dfcb5.jpg,""
photos/9077212f-c972-4327-a17b-1335d56efadf.jpg,""
photos/a452386b-e378-49ec-8be9-74f41d9ea164.jpg,""
photos/569f16ed-3a7b-469b-88e0-eac88747b050.jpg,""
photos/3e404cc9-e322-42b4-b5e3-583407356a97.jpg,""
photos/618a7304-2b48-4238-9f0d-9a41b24c8619.jpg,""
photos/5fe9107d-c62b-4c39-ab8d-494ba7f93db1.jpg,""
photos/c404fbeb-9894-4223-afcf-3dd425846cb8.jpg,""
photos/f616b991-c8dd-4d05-9cb9-a39bf61ba61c.jpg,""
photos/41dce1fd-2f90-43e5-aef0-b963e04c1d3e.jpg,""
photos/783721e9-8c0d-4e3d-94fd-81545f640a04.jpg,""
photos/2f9dc022-3d1b-4367-a091-026c9f68b161.jpg,""
photos/be1fc951-ae1f-40e3-8541-2c2e2f018fdd.jpg,""
photos/6582b848-464c-451e-b146-705109cffcfe.jpg,""
photos/cbaef072-b2c2-4001-ae45-514b51726e13.jpg,""
photos/beedc51d-f86d-4567-98ff-78daf8a91b7a.jpg,""
photos/3a990741-f765-48e1-af40-09114fe61637.jpg,""
photos/7034e5b0-512a-4a6a-8b12-cc74960feed3.jpg,""
photos/b1c7f226-196e-4727-8c75-4845fb8c9afa.jpg,""
photos/a721b5c0-ffe3-487e-9bdf-cec0e26d9721.jpg,""
photos/2e4edc7e-19da-4ed8-988c-be5f1d6d57e5.jpg,""
photos/4db081b7-9bda-4eac-bdb0-b1d37fe0e315.jpg,""
photos/c9f577d4-8f68-47b9-9af4-51b252bdca9e.jpg,""
photos/6de4720e-d405-442e-b567-ed1a80b81503.jpg,""
photos/9d3c645b-5c0d-462e-b354-560f9f3455be.jpg,""
photos/d42f99d5-a1a4-443a-944f-c857861c35a7.jpg,""
photos/54acbcc6-9fd3-40c8-8e9a-e25e725ce4d6.jpg,""
photos/0b6773df-01c6-42d2-a7fd-9d73cc652086.jpg,""
photos/d4dfbe0e-a385-4beb-87f7-b0212d3ec3cf.jpg,""
photos/264ca638-e312-4078-ad02-bc977192cea5.jpg,""
photos/6af653db-c2a2-4cc8-9819-6a6c42c678a7.jpg,""
photos/a31bbe53-49b2-483b-862c-112426c0b6e6.jpg,""
photos/1e2cf845-0d39-4f8b-9c19-d0258c6ba94e.jpg,""
photos/229a9f48-8791-4b25-a83b-1fe044942f3a.jpg,""
photos/37630fc8-eb91-4a64-acbd-a4fb94fedfe9.jpg,""
photos/42461d85-8fcb-477c-882f-4e22b6e4f9a1.jpg,""
photos/51ec4639-98d8-437e-9497-816b57e06508.jpg,""
photos/d0b99fa6-cc9c-442e-bafc-845f79008a91.jpg,""
photos/20fa530b-e8a2-4c90-9435-3a7c3d23f838.jpg,""
photos/f5348038-29ab-4422-85e2-13d3db993cfb.jpg,""
photos/e70a890e-8f47-497e-bc01-e72081278335.jpg,""
photos/20156f2f-55f6-4ff2-9bea-54340a4e28a7.jpg,""
photos/6c3be80a-b299-4218-ae84-9782c976ebf0.jpg,""
photos/3fce52a8-ba92-40d5-ab4c-d862e84627f8.jpg,""
photos/f811465e-d6ce-4ea9-bcd9-b44f305d6839.jpg,""
photos/f48732f3-78f7-4fb0-9a5c-6daf062ae3ea.jpg,""
photos/22c89187-7fba-446f-b948-4f70ef9f82af.jpg,""
photos/19475863-7507-413e-9fad-d616f1a4174b.jpg,""
photos/592ba259-1870-4bca-9e88-0d4db8a4fd5c.jpg,""
photos/99da5701-cfd6-45a4-852c-5465a0bf3bbd.jpg,""
photos/c4c68637-b684-48be-88e7-038240f3e754.jpg,""
photos/8bc7705c-78ce-4ca4-919a-d7c12dcf57f8.jpg,""
photos/c923e65c-a2d9-4ec3-b6dc-451d586428c8.jpg,""
photos/5eddc636-eedb-4c19-b8c0-14697c296e57.jpg,""
photos/a768fcc4-a84c-4df2-a08a-89ac126bac5e.jpg,""
photos/ba0cae86-0b04-4c19-92ae-843dc10b07a2.jpg,""
photos/882fc841-e731-4ad4-a636-e3f341ea9f83.jpg,""
photos/93ef614e-2099-44d4-8c22-89c8eded4bef.jpg,""
photos/848faba5-b5db-4acd-aff0-5d04435de1d9.jpg,""
photos/b06dbf72-aca5-4c7e-95c3-8982ed138106.jpg,""
photos/af29f59f-61f1-4884-80cd-a399151e7d75.jpg,""
photos/4fa7e118-8c90-436f-857b-cf317c6b06b3.jpg,""
photos/4446f560-b05e-4789-ab33-4b11c30538fe.jpg,""
photos/060525a5-7128-408f-8b52-2d59d6bda08c.jpg,""
photos/2a9e68b8-347f-4af1-9340-ca6fc9942d8e.jpg,""
photos/1dc7eb26-e2f9-42bb-9dae-a9b262ca0030.jpg,""
photos/29329d2c-c38f-4ac8-884a-4893d32fdd3d.jpg,""
photos/bc626150-db5b-4ae1-800d-435ce290dcf4.jpg,""
photos/0e84c0cb-0686-42e9-a120-f1e79f41c2e9.jpg,""
photos/2d65e018-792c-47c3-9137-26b35a4e4f86.jpg,""
photos/3f0aca77-41fa-48d9-addb-0bd9976498a1.jpg,""
photos/8dcdfb80-0031-43bf-bea1-79cc8f2eeea0.jpg,""
photos/a7e3eb95-c50a-421c-9f28-998ac6e0a052.jpg,""
photos/874949ea-edfa-4ce4-8ec6-a646f880aa5d.jpg,""
photos/23ee97ef-437d-41b5-a8a0-d241f6af6ad6.jpg,""
photos/b6dbe139-f8d2-46b3-9186-27f7cb1593de.jpg,""
photos/0e304bad-64aa-40b8-aa7b-9b184fea6ee6.jpg,""
photos/e90be322-6fc0-4113-bb09-87f65dab8077.jpg,""
photos/393b5f49-3ba5-4f1d-b535-621c1f620d82.jpg,""
photos/69366d2c-ea4d-42bf-be22-5d7c78326808.jpg,""
photos/9cc7f515-9d56-442b-831e-c6985c6ab921.jpg,""
photos/716d8c09-260e-40b8-88b9-8de63b1bd7ea.jpg,""
photos/382b434e-1981-42bd-9605-d7bd9655fc91.jpg,""
photos/dc0619ba-6c12-4a5a-9b7b-1d69b6810a2e.jpg,""
photos/bea38562-911c-4bd5-8715-0453eb9dc3ac.jpg,""
photos/0adcd5c6-cd59-4a1a-8194-68198c769fec.jpg,""
photos/1cbbc901-ba99-4e14-8293-90d94afad92f.jpg,""
photos/24bcfc06-7e88-4f07-92f0-541add41ffbc.jpg,""
photos/81085eef-3f15-49ab-a2cb-7578c6510ecf.jpg,""
photos/9ff36900-66ad-451b-8d27-63236fa617b0.jpg,""
photos/4cf7d8a7-9ae8-42e5-bad1-7de56f1a3f1f.jpg,""
photos/bf0044c7-e9b3-4d2d-b126-72c44008153d.jpg,""
photos/244336ab-364e-4551-96eb-8f04a4a981c4.jpg,""
photos/21d5db64-7fb4-4f89-8095-1f8dcf4f74a9.jpg,""
photos/c3bccb87-b7c3-4323-b2ef-4d16c32f8db7.jpg,""
photos/8691032c-ad2d-4446-8f8e-7d963ec69452.jpg,""
photos/1792a483-f9f0-4105-b41a-be8fbb53cd84.jpg,""
photos/f1bab2eb-ce04-400d-8323-3d9decafdebb.jpg,""
photos/6423cdfc-ddb1-4348-b46f-8292c1cf70d8.jpg,""
photos/25486f1a-b139-46a2-81ea-1fe103035786.jpg,""
photos/4fb72906-2af8-4229-9420-c25a560d42ff.jpg,""
photos/393addf7-30e4-47da-8b3f-a44ccf4e420f.jpg,""
photos/b1a70aa5-9d3d-4e95-a306-d6a43ba2e0f8.jpg,""
photos/a5a2d6a4-bf19-4380-8a57-cc3c82b8fb7c.jpg,""
photos/175da0f7-e267-4586-98df-fa8fd278162d.jpg,""
photos/0010d3ae-f051-4bf8-b0fd-c328cf270175.jpg,""
photos/98eb6f83-ba10-48dc-8456-05a0d691328c.jpg,""
photos/72cced99-a5f8-47e0-9727-fdaafd2c959d.jpg,""
photos/6c6cce01-453c-4072-a8ee-bc6723fd21c7.jpg,""
photos/4a8062a7-3aac-4a29-b493-468d2a58cdd3.jpg,""
photos/52ff3dfb-5abd-4b4e-941f-527dbc9c90bd.jpg,""
photos/450a98d7-05fe-4f4f-8985-8be661e310f3.jpg,""
photos/093a3122-910d-457a-af21-8779cd130384.jpg,""
photos/1dc1aa59-7561-4791-a8c0-d4080d9bd809.jpg,""
photos/3837d770-26a6-40b8-9b79-7c9bd51c8972.jpg,""
photos/7ea0afbe-2149-45f8-ab5c-68be4dc6c552.jpg,""
photos/289dc741-e0e2-43d8-a32c-84c063051572.jpg,""
photos/6f64c8e1-a940-4a92-b12e-b2310c0c456e.jpg,""
photos/bbf1355a-af40-40b0-8a1b-2955e4509564.jpg,""
photos/84e2961a-31e6-4224-a498-e36bd015f14b.jpg,""
photos/ec91777c-1a93-4623-8ef1-e7492faa75d6.jpg,""
photos/4b01fabb-2cc7-4a84-a165-fd6b12e0b960.jpg,""
photos/eb04d6b7-51b6-44ef-96e0-704a052f0432.jpg,""
photos/d8712610-d241-4a23-9a09-3d08ac235ce5.jpg,""
photos/82d78a31-f800-4034-bec2-3933a45942fd.jpg,""
photos/fe9fabf0-2a9d-4f8e-a989-69f734cd3bf5.jpg,""
photos/26199e69-8860-45bf-8a11-0a65c128bb9a.jpg,""
photos/308bcc38-b4eb-4639-8500-cb841a834e86.jpg,""
photos/91f6a8b2-a9a6-48a2-b966-aba6f6b88a85.jpg,""
photos/773f602c-410f-46f0-8afb-8f8b8d6b39fe.jpg,""
photos/b2f29e4a-a201-46a3-90b4-a4185fa81975.jpg,""
photos/c5cf2175-91b0-4a53-bf26-9609a08edd90.jpg,""
photos/9b746e9d-4c2b-4676-80b8-36dc9043f376.jpg,""
photos/a345454b-c82f-4a2d-8efe-0fa431875b6b.jpg,""
photos/cdf08fae-55d9-4b2a-9672-28ac0155441a.jpg,""
photos/2f5191e5-5c0b-484b-a103-7054226445e4.jpg,""
photos/ebb74d11-c495-44de-89ee-5132c9593d8a.jpg,""
photos/6417d8fd-e413-4a06-b9f1-1155a2616cad.jpg,""
photos/17f76c78-13c6-479d-a54f-54125f3425f8.jpg,""
photos/9f8a1539-400e-4df7-bc22-ecb1c7737a6f.jpg,""
photos/b3fb5e0d-4f4a-4fc7-aa1d-927a30c58927.jpg,""
photos/437726a7-0a72-43a2-a313-41bf8e9b2e7b.jpg,""
photos/3e8c5b9e-7596-4f55-b24a-26523bb90f99.jpg,""
photos/ef2bde9c-f058-4ddf-990b-f25892017faf.jpg,""
photos/dc105f4c-012f-47a4-8913-548ce9fac45c.jpg,""
photos/edc2b517-bcbd-4919-b69c-01ecb2581285.jpg,""
photos/97cc728a-6755-4d29-9bfc-a7d1f863f269.jpg,""
photos/cf6fe2e0-8bf6-4742-a092-5c0b95da92e9.jpg,""
photos/4d8496c3-249f-4729-acae-cc3d90707554.jpg,""
photos/79cc4b87-3cb0-4657-93ec-943e8c6e989b.jpg,""
photos/a58f9b5d-69b6-4732-ac03-99fef5a36bc2.jpg,""
photos/a2be6697-32b1-4429-b532-1e11782798d7.jpg,""
photos/05dc81be-0587-4c87-ac2b-aa466177098f.jpg,""
photos/fd8955d7-1907-40b3-a6c7-6ca32278c9b6.jpg,""
photos/28ba2f97-7302-4da9-9d1b-7fa1333bedc1.jpg,""
photos/0f3b2bf5-7ba3-43a0-8c08-6cca7c137cee.jpg,""
photos/754fe307-24ae-418c-9bfc-5645f4d97413.jpg,""
photos/6a84cf7b-3bca-4725-b690-f40fb0c4d7ef.jpg,""
photos/ca0186d5-4a50-439d-9bad-279dd05e1f5e.jpg,""
photos/c0134737-f327-4fce-9d32-b33e5aca177a.jpg,""
photos/9e170571-a8f4-447a-a96d-9552a6da7dad.jpg,""
photos/77f4b70c-b095-48fe-aa2e-c0d4cb27a23f.jpg,""
photos/742b9b9a-f51b-40ba-b21c-f611fc703883.jpg,""
photos/cf05de3c-90a4-4329-9ab9-b3da40c551cb.jpg,""
photos/392bb6de-23e8-4f1d-be8b-0b6eb0b0f51a.jpg,""
photos/b53098de-6419-4a86-8a02-cbe3edc6f22e.jpg,""
photos/7ce23c51-1907-4529-8d8c-b286917f867d.jpg,""
photos/c9bb102b-f496-46f2-8240-b76fc12de2c8.jpg,""
photos/c8b6b617-bccf-45e7-9fba-8e5d94cb7e4b.jpg,""
photos/27432e36-1888-4892-b8a9-b4e9759b0395.jpg,""
photos/8bb28395-4b74-4fcd-91c2-26af43d57331.jpg,""
photos/902272c3-088e-457e-b634-31a35ab93ddc.jpg,""
photos/b9d22600-86b3-4c35-be84-9e118d0df64b.jpg,""
photos/2abed501-9440-4d33-ae0f-e92188399f39.jpg,""
photos/83822221-ec0c-4bda-86ff-4131d8cba94a.jpg,""
photos/b44d7120-6396-4665-8f3f-174f33ad7862.jpg,""
photos/9a008a41-9b38-4a5c-a30d-3287ca0d7641.jpg,""
photos/8b9d1026-dbc5-45b0-b234-333aa1fdaa6d.jpg,""
photos/61b2c90c-83e9-40f9-9f58-42ef50546c3e.jpg,""
photos/ab948b8b-4e4e-4983-9557-5adac299fd2d.jpg,""
photos/9fd9af34-b2d1-415a-9ce8-9f5b17eb41a3.jpg,""
photos/6512ae1d-7576-431e-9fc5-868eaf2215ed.jpg,""
photos/37ad461d-fe30-43ad-b4e1-23c490a67893.jpg,""
photos/5fc41931-7b91-48d5-96b9-6f7102c20d22.jpg,""
photos/96262fc5-bafc-4e8e-a6af-a13991d17486.jpg,""
photos/a2d1fd3b-3a3b-4b24-8e77-e819ea901d6e.jpg,""
photos/d2795af9-2bf3-42d5-bdbe-1f1749602b1d.jpg,""
photos/faef7d2c-076b-4ef6-b646-05c74fc08f8c.jpg,""
photos/52b3c9b2-b769-48e1-8589-8f14d8d9dab8.jpg,""
photos/1dbd7ec8-47d5-46aa-a4c8-74a7e5035243.jpg,""
photos/0a213ec3-f7d2-4065-b83d-52e1523ef07d.jpg,""
photos/15a05b95-2b3a-4448-b9a6-d464919a5ebf.jpg,""
photos/9fd6df95-f1cb-4212-bcb9-6ef363e44230.jpg,""
photos/427531af-83f5-490b-8b15-32498db92297.jpg,""
photos/9da9f256-2653-46cf-b660-7a58d43d9f09.jpg,""
photos/7b0a4126-2a99-4928-8f9d-1d465f5ec2ee.jpg,""
photos/3774340f-a490-4a95-96a2-4acbf79061e2.jpg,""
photos/732ccf22-74de-44f1-8f5b-e333bbbea083.jpg,""
photos/9331e6a0-8946-43a2-b4a6-c3e5b3ea2932.jpg,""
photos/2a767129-7c27-4f13-a97c-d041ae708f63.jpg,""
photos/b90a0bfb-1b28-42f3-a25b-66e9890c5e10.jpg,""
photos/5b9c2d4c-1d79-4192-819a-ecd49e7efbb9.jpg,""
photos/6865e3d5-038f-4359-b5c1-4ed639067645.jpg,""
photos/e5bf14c6-37bb-46d9-bc43-44fad74002c9.jpg,""
photos/921f344a-70a4-4e2c-ac03-1037b1e6dc0f.jpg,""
photos/e7d2baec-c9af-4cb1-b9a3-34218a2d28df.jpg,""
photos/a0efcf8b-caa5-4107-949f-a00ad0329221.jpg,""
photos/a4d4234c-8b0b-4461-ac12-cb8a6de04578.jpg,""
photos/2a399529-f6de-47bf-855b-aad41a34e18c.jpg,""
photos/f00cb73e-4ebd-474d-b85d-1efc854107ea.jpg,""
photos/a1432fe4-ddf4-47c6-9508-99d9e05cef8d.jpg,""
photos/020507b6-746a-4de2-b4e2-3b107a2a9342.jpg,""
photos/1158320d-f144-40f7-ac7b-3dbb2318f6fb.jpg,""
photos/b72593ec-5035-4990-a605-d8d0cdd44bbd.jpg,""
photos/481c00b5-0484-4f9e-9242-37bbd7b7426e.jpg,""
photos/f7af2cf4-c486-4dbf-8ea5-80ddad6919c3.jpg,""
photos/8a303b57-822f-48d3-b494-ec5cde3f7ca8.jpg,""
photos/0a1243f7-a84c-4ded-b455-d5f77be91ae0.jpg,""
photos/cc016548-c4ab-4a3c-9950-29cbd96b40f6.jpg,""
photos/2996726d-9d01-421e-9e9e-575d412abe0b.jpg,""
photos/b25984f0-53cd-4240-92ce-7a4e03f465e0.jpg,""
photos/adcd08a3-d26f-4985-b955-0086795cf531.jpg,""
photos/3c4d547b-0448-4462-9351-82c53a55d924.jpg,""
photos/3fc59561-4f19-41ec-9506-45c99845cabc.jpg,""
photos/5804570c-491f-43fd-8107-ad4673f5e14b.jpg,""
photos/b47ae4a5-d2dd-42f8-ac94-db26d00e122c.jpg,""
photos/3f0cd6cc-a5af-4b08-be77-7a3d87a16ba4.jpg,""
photos/747e85b5-a95b-49a7-ac2b-063c2e161058.jpg,""
photos/b71d26d1-679e-45d5-b8a1-6934c8318b2b.jpg,""
photos/aeb49be8-6c38-40bd-8e8e-ba029d9ca6b2.jpg,""
photos/6aae4ebf-cda6-47b3-a066-a6c7b0cf90fe.jpg,""
photos/a6f73883-0772-4222-a92b-c75b98b9b8cd.jpg,""
photos/366d2d0b-ebb9-41af-9367-5f0502f15e14.jpg,""
photos/83d8d1b3-bcf6-4dec-9e93-eee9650751ce.jpg,""
photos/6f8973a5-9ee2-4c0f-b8d7-49ab4d0abf63.jpg,""
photos/354a65cb-5bcf-4fac-9012-f1c9f5b173de.jpg,""
photos/564d87c0-658a-4a37-b5a8-fec1fea8087f.jpg,""
photos/fa794607-6b6a-4df4-8db1-3c0cc5ccb0be.jpg,""
photos/cfdaa130-f210-4828-9d4e-a4e9dadb6d4a.jpg,""
photos/0f1b44a8-aef6-4985-ab9d-b9a18b6ae125.jpg,""
photos/6023ba54-0aa1-462b-afe6-90a523fa4568.jpg,""
photos/8a9bcded-0b6a-4e33-bf90-04827cbfefa4.jpg,""
photos/ac816cf0-94ea-46da-8eac-1d36498ee6ab.jpg,""
photos/ca426601-5a62-4f8a-946d-8a58ea83d75e.jpg,""
photos/c9ba440b-bf10-4b4e-9016-462b305a26ba.jpg,""
photos/e076521f-d83c-4f42-ac50-3c91e8838396.jpg,""
photos/22a94a21-948b-4322-b773-32933a8100de.jpg,""
photos/602de248-96dc-4143-a89b-cf12ea41c7c0.jpg,""
photos/944ddf5e-2a47-4c15-bfc6-775686832e38.jpg,""
photos/7fc5bf33-61ba-4b19-bf06-a1e63bbc3e8b.jpg,""
photos/c3dce823-ac2a-46ad-a051-3d5f89be82d3.jpg,""
photos/9a63fd07-cf35-4eb9-9c8d-12d5f5affa0e.jpg,""
photos/93b85a11-2f0b-4cf2-8b98-bcd250f8516e.jpg,""
photos/b991c059-16fe-4649-af9b-b87a8e20cdc9.jpg,""
photos/9fd69612-a3d4-4d29-8b5c-9d188697dd12.jpg,""
photos/e92dbab5-8679-4169-8700-5a1e75c12c05.jpg,""
photos/4c53ab87-1f47-4db1-b789-c9b0d3b3b267.jpg,""
photos/0604c631-6341-40ed-b86a-89c4cc825098.jpg,""
photos/bdfd1db1-7644-4188-966b-367433a5a248.jpg,""
photos/3351c72d-3fea-475c-9ec4-cf6175ed4fdc.jpg,""
photos/03b142e0-e8b3-472c-b507-738dd5892071.jpg,""
photos/243d1e52-e826-4d17-9790-64c773293606.jpg,""
photos/7369ab19-1a47-4930-86d6-26e70730222c.jpg,""
photos/f30bef1c-bfef-4e0d-8324-d632b78475be.jpg,""
photos/58a80b82-25af-4474-9f3d-6699c477da4d.jpg,""
photos/15503566-5c5c-4297-bbed-a36e9f6bac93.jpg,""
photos/56204f73-8182-413a-843e-9d722daa42ee.jpg,""
photos/2971ecdc-0dde-4659-9cff-f80118340484.jpg,""
photos/64698052-974b-4e82-a72a-dc9ffa18c08e.jpg,""
photos/af408912-dd9a-4c83-a18b-9aa5be016613.jpg,""
photos/99a2180b-f6c9-46d8-a19f-0f407510f2b7.jpg,""
photos/5a54e3f2-7b9c-4b35-a735-4d738f2b9c70.jpg,""
photos/ceb17fe3-c69b-46ef-a484-9131744d1a17.jpg,""
photos/6687d11f-2512-4653-8066-a93040fdb6a0.jpg,""
photos/be587990-1127-45f9-8a29-07fc9d5e7a27.jpg,""
photos/4c83c1b1-75dc-4f5a-a8a4-f03047d0a45a.jpg,""
photos/1fc4cd31-8303-4c59-ba06-a6046c5b5f91.jpg,""
photos/37a47d8d-32f3-49fe-a1f0-7e6bbbbc7bc0.jpg,""
photos/6cea63d1-f5e3-4fc1-a4c2-7c398a201d71.jpg,""
photos/9db683f2-8add-4344-8280-dcce527b15f1.jpg,""
photos/d5c88b24-cdf9-4f36-86a6-314ef001b025.jpg,""
photos/f3b7d10c-5398-4c29-b6ff-537c19d18054.jpg,""
photos/4e39cb54-8847-4b9f-b62b-8f85fb7b2f06.jpg,""
photos/5fd572ee-06ea-4e44-89ed-7a02d676141d.jpg,""
photos/5a785a81-2055-4327-8987-43bb9db0d816.jpg,""
photos/7edde675-acd4-421c-87b3-c4ef3f9c06b9.jpg,""
photos/6e7a1f9e-fce6-420e-a1dd-fcbb7505088b.jpg,""
photos/fc250d0f-6e8a-48e7-943f-7af9bdb255e9.jpg,""
photos/6880b2bd-4c8b-4911-9a74-0a758965ac58.jpg,""
photos/f78ebe1a-1789-4175-b380-90d9b79bba4a.jpg,""
photos/9eca0352-cee2-49ac-97a5-5f39c32e0209.jpg,""
photos/6eed9d9b-6b91-4ca3-8812-560065587ba6.jpg,""
photos/25ceac22-d954-45a1-a4a1-23cb386f42d4.jpg,""
photos/1faf7f77-df10-48fd-9271-7893cf272aea.jpg,""
photos/dcf1c3d6-e26e-4be9-b178-108f05b94b19.jpg,""
photos/4b7254db-e327-4734-8602-8ca01575ef3c.jpg,""
photos/ae8dd851-cd7a-4476-8e53-aabe76683aec.jpg,""
photos/97957a07-8bfd-40a1-bcc9-c786a8195411.jpg,""
photos/adc69921-93db-4402-848e-cc574a9213b0.jpg,""
photos/40486e23-300f-4993-ada5-05528369dbca.jpg,""
photos/fc3e56e7-eeed-4fa4-a599-a564dbe4b164.jpg,""
photos/7e9ae0c4-0966-443d-8d0a-02430e6b1be5.jpg,""
photos/bcaa8816-0400-41ea-9197-fc2cde8d33e1.jpg,""
photos/763e2174-5505-45e9-8462-1e6cc20fea87.jpg,""
photos/b70aef87-a4ed-4b2d-a6f0-c78a845f91e8.jpg,""
photos/00a93d61-203b-436a-ac7a-9ac7781cf811.jpg,""
photos/f78f693f-93e6-4706-a000-56aad7e3436c.jpg,""
photos/2229f61a-2380-4df6-85bf-e9099f5a7cdd.jpg,""
photos/3c607565-506a-476c-b39e-64f18b51fed3.jpg,""
photos/7f7c6db0-e35a-4126-b528-bb36d14d92e2.jpg,""
photos/8d7d0a32-8c28-4796-b776-92e85102897b.jpg,""
photos/d84c3ec6-b9c8-443d-b057-5973e5307a69.jpg,""
photos/be02cf8b-2c4c-4064-aaca-176db301b0c8.jpg,""
photos/fdbbc389-c03e-4778-a24c-1ea02b045b5a.jpg,""
photos/e738f6c0-0acf-4278-9cc0-8a288e95b05c.jpg,""
photos/3cde968d-bdae-4ca9-a582-cebd3d827d26.jpg,""
photos/82f6d80b-52c4-49ae-9a45-503cc6cd747d.jpg,""
photos/ea2a4d9b-0c02-425e-a307-a816c61cb2fc.jpg,""
photos/899649dc-9212-4d96-9bb5-937ae4721258.jpg,""
photos/5da00f38-c41d-4825-9fc5-85eea7a2055a.jpg,""
photos/fec9fe4e-9585-41a2-a06e-e4a604ae3b70.jpg,""
photos/a3f0b7e8-f7d7-4cdb-ba68-91aee6224636.jpg,""
photos/4b702149-b2ad-4e9c-9dc9-4e0d1f8612c0.jpg,""
photos/7fac1f00-75e1-40a1-98c1-cea732b406e3.jpg,""
photos/75da42e3-05f1-44b8-b8fb-2c33cacf13dc.jpg,""
photos/91f53e8c-1d29-4efe-a722-a713e83cbe04.jpg,""
photos/0084e63d-53af-4aed-9075-86b7d8c94f3e.jpg,""
photos/2de76835-bf32-4499-af00-a0cf57fbb004.jpg,""
photos/b18a2a76-7d18-431f-b2ec-e023c78cd83d.jpg,""
photos/6a83a1c3-042e-4aa7-96fc-0ed92c1e3099.jpg,""
photos/c744fc44-4c8f-4653-b06e-5c050bd9b7c0.jpg,""
photos/6999570c-fb2e-4629-bc8f-ef77591b036d.jpg,""
photos/96920f79-c826-4f7d-a134-7b95050b6fac.jpg,""
photos/5f1c0051-eb6d-48c8-9cd1-86ad57b10c64.jpg,""
photos/30477cac-38ed-4a19-acaf-8c8e71343a98.jpg,""
photos/733805ae-7cc3-4947-8fbd-1aa05d93e2de.jpg,""
photos/4cfdf7f3-671e-4b12-8d6b-0103e5777fab.jpg,""
photos/a5b9de20-9bd2-464b-923a-aa8e79976ead.jpg,""
photos/b4ed3793-f0bb-49a5-8eec-47bc83abf215.jpg,""
photos/ee798554-1a10-4c56-82bc-e6ad4a6d280e.jpg,""
photos/DB82B070-C0FF-44C0-BCB4-1431FF6C3AB2.jpg,""
photos/BE46D743-DF68-4EA2-9F3A-C11C6C9EA90B.jpg,""
photos/1B230EA1-D33D-49DB-9AA1-B57D377EDF61.jpg,""
photos/3763C49E-CBE5-4987-88A9-D01D34BD47A9.jpg,""
photos/57EA27C0-D4F3-4F39-A2DA-BC001A8A2DBF.jpg,""
photos/67E4942D-AC9E-4D69-B7EF-4E0494641E9C.jpg,""
photos/44BAD463-1C6E-4498-9B94-2E6042D9B495.jpg,""
photos/C08A4669-ECFB-4246-837A-75226B3C2298.jpg,""
photos/379154DA-7668-4E99-A148-FF79B827EAAC.jpg,""
photos/04E7970E-70C9-404C-952B-33F6472EAEC4.jpg,""
photos/B85C2939-9781-43EE-925C-9E735277C4CC.jpg,""
photos/5D2D4832-B829-425B-B33E-B379EA3613B0.jpg,""
photos/88DFD5C9-583C-4BA7-A592-291FEFF2D622.jpg,""
photos/A1ED8BDB-C131-4CA8-AB8E-8CE19E1E483E.jpg,""
photos/EF3EA9DC-7818-4709-A6B9-72C460D7B973.jpg,""
photos/08EC12C1-B393-4A48-A50A-04E1FAAEE8A2.jpg,""
photos/7EFF1264-5E9C-4998-983D-6C18C4541CA1.jpg,""
photos/9C5C2E90-E5CA-4DB6-9BBE-863020A967F8.jpg,""
photos/1577116C-DF87-477E-9529-EBD11C952DFB.jpg,""
photos/BA27840D-BA63-48A7-8B63-3BF1CB07335A.jpg,""
photos/575D688E-C880-4F19-8848-50EEDB57BDFA.jpg,""
photos/392FE699-F351-47FE-8B8A-F8C7DBE5EA04.jpg,""
photos/6E00D620-5CA3-4943-929F-7B100453FD1F.jpg,""
photos/9576C9C6-366A-4A3C-9C3E-5B3DBFFE3BF5.jpg,""
photos/5C9BC8F3-CAF1-4DBC-AB10-C0B6A6B57435.jpg,""
photos/4FB17C34-C9B9-4736-9361-7EEED19E750E.jpg,""
photos/9EFF9B18-349D-4CB1-8BAD-441373A60B6D.jpg,""
photos/AF7640A4-CE2B-480F-9844-9DE08FB7B379.jpg,""
photos/E9C6C2B0-D5A1-4481-A23D-4F7052AAA95A.jpg,""
photos/0660B037-A7F8-4C14-8EA3-8F65BD71BC41.jpg,""
photos/8E663D05-9D07-45CD-966A-EB680DC3CB33.jpg,""
photos/7DED36CE-9531-4448-8E51-57E452FDCD1E.jpg,""
photos/BAE779D7-FC56-4046-A625-D8E5677CFCA2.jpg,""
photos/BAA1EF15-8E12-4B3C-AE7D-CFBE5222547C.jpg,""
photos/C50B2FA0-0943-4C48-B133-2B755AC73FE0.jpg,""
photos/8F7DA609-1E8E-472F-BDA5-5C9222924F3F.jpg,""
photos/0CE7D232-3E96-47E9-AEF8-DE3F81B40FA6.jpg,""
photos/6E7DEFAC-D915-49AD-9027-BF82FD59CB5F.jpg,""
photos/22778F81-E2BF-4CA5-9606-134BDAAD1C51.jpg,""
photos/86C091A2-080D-47F9-A5B8-9ABA7367D7D4.jpg,""
photos/B69A1C87-506B-4E61-9BDA-E53EEB45AC7E.jpg,""
photos/4C87A710-2D1E-415B-9F9C-EBD2C311BA4B.jpg,""
photos/03B3D5D3-80A4-4946-800E-1D973619A37F.jpg,""
photos/90CA703B-C589-4FB3-858A-ADE8C55044D2.jpg,""
photos/11673AC5-015A-4F8A-891F-F5D9CB70C812.jpg,""
photos/F953754E-DE8E-4CEE-A9C0-F453934C4288.jpg,""
photos/F658DDF4-EA73-4441-A945-18AF2DE97D67.jpg,""
photos/2919969D-C01D-4988-A0FF-D342CED273FB.jpg,""
photos/2789B8FF-04C3-4A32-8E00-6F6C5FF63EC7.jpg,""
photos/E965D86C-E4BD-463A-A1B2-DF71C7A328C1.jpg,""
photos/90AE05D6-E8AA-4773-B383-BF3355D51654.jpg,""
photos/F09618D9-9CF9-4853-8EDA-C2F3A4572319.jpg,""
photos/E1351CD8-49A0-4D14-96D1-58EAB07CB2DD.jpg,""
photos/43FB108A-06BF-41F2-85EB-B20D7B965A82.jpg,""
photos/24D62D8D-6E65-4C6F-8DF6-CCAD96560B0A.jpg,""
photos/595AB900-F0FE-459E-99AF-FDD7BA970E78.jpg,""
photos/0D4F9E30-753F-4A8F-A29A-67E1ADBDF44B.jpg,""
photos/AACB008C-6471-4431-AA62-E00E3BA12499.jpg,""
photos/7545FF5B-F56A-42AB-8C34-17C4A8FE2BE4.jpg,""
photos/72EEEE3A-89B4-4D00-8C7D-FFCE39E51CFE.jpg,""
photos/ED924E50-B61A-42B1-AD56-D41A7FF430CD.jpg,""
photos/E93AF1A0-C0DE-477C-ACAE-0F694092588D.jpg,""
photos/4877AC39-B19B-45C2-859B-2807D194383E.jpg,""
photos/F81E1A44-1130-49AB-B57E-D333BEE0560C.jpg,""
photos/C6610764-B474-4973-B9B3-234EC390C57C.jpg,""
photos/249FE5B8-B97D-4787-A55F-2CBE16A8AC4B.jpg,""
photos/E6143676-2873-41A5-A5C4-1C7C36E3AB3E.jpg,""
photos/EE7D7CA4-D873-4447-AD89-2C393DD3E916.jpg,""
photos/1B98F5DE-423B-4641-8383-BAD34B016012.jpg,""
photos/E1A9E894-55B2-4ED1-8523-7D210B5D1C4F.jpg,""
photos/911A380C-1CF3-4373-8B39-8398F172644C.jpg,""
photos/0F904FAD-81E3-4031-B1CD-B559F3EEF3B0.jpg,""
photos/5B171CEC-A226-46F2-9CCC-C2DE0C19AE3F.jpg,""
photos/F977FFF5-2579-4378-9E8A-D2B40898F7BA.jpg,""
photos/1BC32C12-244F-4AE9-AFF3-7B3A59602983.jpg,""
photos/74CB2EF4-79FA-4325-8237-AC0692CD1AE5.jpg,""
photos/95FD883B-F66F-4214-ACE4-C12E2BE3C496.jpg,""
photos/AF623C2C-5272-430E-B113-E76611363A3B.jpg,""
photos/E2111D8C-BD56-4871-8DA6-BB398966D899.jpg,""
photos/0F70FB4B-58BF-4DC8-9CAB-636ACF67E2DC.jpg,""
photos/A835EBD0-DAA4-4E89-91FF-F587C6ACF736.jpg,""
photos/7B97AF98-BEAB-4958-8FE8-E7169C0AD899.jpg,""
photos/6BF1F048-DC1B-45A1-B025-FA0EBD406C91.jpg,""
photos/97F1ED23-676E-4CCB-BEC7-1C33B67D2E03.jpg,""
photos/17659F3E-0C0A-4FE0-A80E-CDFB88CA663B.jpg,""
photos/B5402D6C-3442-4918-94FA-B0AA23B85723.jpg,""
photos/3A4B2196-F666-463B-8F42-CFE0C8446B61.jpg,""
photos/818AFB10-6687-43B1-8AFA-A6C0075B7434.jpg,""
photos/8DBCD4B9-DFA4-4766-A68A-82936793566A.jpg,""
photos/C84DF2A8-42F9-4215-A5A0-CA0502D29640.jpg,""
photos/4A5992C7-D04C-434A-A04E-827984D40A57.jpg,""
photos/FA394328-0D36-41D8-B72E-1ED92A43E2EA.jpg,""
photos/BBA1CBB7-D5F6-4242-9185-6FA8ED63C3F5.jpg,""
photos/5C239EF2-A495-484F-B4A8-B12A119F944F.jpg,""
photos/BB8FB41D-00D9-4D8F-8AA9-69591BE3DC99.jpg,""
photos/1164C82A-DF20-43AD-9A2A-80343DC2F8C8.jpg,""
photos/8C2EF916-85BB-4DA4-A840-0B0B1CDB2B6F.jpg,Last of the light.
photos/85071FB9-7409-47FD-82EA-E5757169B46B.jpg,""
photos/BA24A891-F630-462A-8065-2B4C7B4C18F0.jpg,""
photos/B11AA611-3580-4839-A938-9F60AE0B4DC2.jpg,""
photos/A94F40B9-3E01-43C1-84FE-D98E1FE431AC.jpg,""
photos/06ED3654-C61A-4139-99F9-B1D8FF5D8914.jpg,""
photos/3BDF9D5F-1645-4C7B-ACB1-5EE3123E9986.jpg,""
photos/16D51160-3413-429E-B5A3-DF6769210FE8.jpg,""
photos/32B55F9B-6C2A-4D2E-832B-86DB5B2ECDFE.jpg,""
photos/54680A06-BF58-4208-8429-788551C45FBB.jpg,""
photos/0567EC61-C3D6-4768-8E14-61FF8A544A2E.jpg,""
photos/42368011-CAC3-4D7F-85E0-BDEF34BC010B.jpg,""
photos/77257EE2-95A1-4BC5-B14D-45B9AFF37FB4.jpg,""
photos/0CA67D59-1992-48FA-9187-42E432C82D87.jpg,Found him.
photos/416103D6-1609-44E8-B332-780EF23328F4.jpg,Can you spot James?
photos/B7526860-0D9D-4A0D-AB2D-F195918FAADF.jpg,""
photos/B33CCCD9-E193-4F26-940E-DF07409C4EA9.jpg,""
photos/402AAF84-3A25-4FF3-9A63-CBD19648D772.jpg,""
photos/2B6E5F6D-213D-4A99-B1CE-6DA88AA8421B.jpg,""
photos/DF400BD3-9BA9-4278-800C-A5ABB67CCFFD.jpg,""
photos/E26D85B9-6844-4430-9262-ED2DCB7D3D0F.jpg,""
photos/8BAD09DB-7C25-4F43-9D81-25C107160375.jpg,""
photos/1A433B7D-6B00-437E-81DA-89FCCC2903F1.jpg,""
photos/FA703FB2-52A8-40A7-B5AC-3CB3BD6BE73B.jpg,""
photos/66ADBA5D-7FED-4062-9FE4-E72595F05BF2.jpg,""
photos/5EA1D128-06F3-45E2-90B6-4304CB22A2F0.jpg,""
photos/42781475-D4E0-4263-B737-83A6A4014E1F.jpg,""
photos/BDD5BEE6-8BC0-4956-8E0B-8540884F33B1.jpg,""
photos/D5D85B30-E383-4242-A565-ED46DC2D23A8.jpg,""
photos/B354B199-1841-48CD-8B58-D8B2B5D18F52.jpg,""
photos/3D3F34F7-1C04-4DB4-8713-8A0410E59BE1.jpg,""
photos/084D1E02-27A2-4FE0-8621-D7FB1FAE825B.jpg,""
photos/7EC0534C-B6E8-4A28-8D75-2DDC31CFA8D9.jpg,""
photos/1DCBBD5C-50AC-4F05-A493-6C477B1BC19E.jpg,""
photos/36FBD316-EBEE-421D-95DF-4D28BFCE6C5B.jpg,""
photos/4A34BCA8-5799-4482-BD1F-2DF0FC8AA51F.jpg,""
photos/4B1ED112-43AD-4872-A07E-33D583B19687.jpg,Waiting for James at pub
photos/5E49A5C0-D875-4B2B-A9D9-34ECB5799AA5.jpg,""
photos/C4E9DAE8-4EDD-464C-804C-C0E7A9A9939F.jpg,Top of Whernside. Try and spot James going up Ingleborough.
photos/B4007177-B9C5-40AF-96DC-52E8CD6637AE.jpg,""
photos/0F06FCC1-0F53-4B99-89D9-0A98836A9FDC.jpg,""
photos/E5F792C6-BC59-4718-86D0-7FA574AA93DD.jpg,""
photos/143015DE-8833-4020-BD0A-E59F7178784F.jpg,""
photos/1085C20A-E08A-4282-8E82-7756398E7C23.jpg,""
photos/B8724589-F1C6-4CF9-8EDF-8D9A1F8B0211.jpg,""
photos/60B6A183-2730-49FC-BC2F-1C4A9B19E377.jpg,""
photos/C21D87E7-3F8F-4AEB-B0C7-BFA5A8A444DF.jpg,""
photos/12EB90AA-3D71-49A7-9A9E-FAF7F1E921DF.jpg,""
photos/A8D373A1-6B26-4C3A-8F6B-33EC40F4FFAA.jpg,""
photos/4057297A-826A-4E88-8DF0-B4B44D213139.jpg,""
photos/72573994-752F-4C96-BF79-2BDB19ED8EB6.jpg,""
photos/2B64A8AD-95BC-41C9-A82F-F20C7777CB8A.jpg,""
photos/8C81CDFD-873C-4F0E-BBF1-B5CE544515F6.jpg,""
photos/0EE4E8CE-DC4C-4E77-8B33-C402319754A0.jpg,""
photos/533FF425-7C90-4E42-A246-633938AB1020.jpg,""
photos/E15CE890-67DA-4E5D-A79A-E652BBED9B0C.jpg,""
photos/AA3B872C-2F6E-4625-8A60-BAF79F085D98.jpg,""
photos/D01FD29B-1142-43EB-889B-BE5EAE7D62BE.jpg,I need to practice my hearts.
photos/25DDD860-37B0-475D-A3FF-CF7F63C6160C.jpg,Little 'n' large
photos/08503E15-8409-494F-A586-F22B5ADDE772.jpg,""
photos/AC0CAAC5-AD56-4F9F-8C41-388E36DC1FC5.jpg,""
photos/8041465D-9738-4EBB-A685-0D70A06D7A68.jpg,""
photos/DFB85EFE-0DA3-4E89-B95C-7B5CDFAB8809.jpg,""
photos/E7366F59-A552-452E-AD30-FB939C8E942A.jpg,""
photos/EDE55E38-6BAE-4750-985C-692DE5BF6BC3.jpg,""
photos/894B6EF5-78CA-485B-9473-D993FBEFCD9F.jpg,""
photos/D5FAFEA2-184C-4D88-A46A-A51C0B63C61D.jpg,""
photos/86D50F1F-611B-4BC4-9905-C27F570D6555.jpg,""
photos/DAF6A786-80DE-4B3F-9440-B1C94B1BE34E.jpg,""
photos/A1CE7E02-F5D4-4DBC-AB5C-694F37742360.jpg,""
photos/FB59FC82-4504-4325-AAF2-6A0B81A93E36.jpg,""
photos/1A0F4798-A679-453E-AB7C-39FFFED2A142.jpg,""
photos/324F6F4D-EDA4-4EC3-8B0A-91291A47A10D.jpg,""
photos/3B5266E8-FD92-4ECB-A38C-33ACC4CD9310.jpg,""
photos/D396A796-07C7-49E2-96EE-05A1D53443A2.jpg,""
photos/70152120-6C72-42B2-8E04-5F65EACEDA3C.jpg,""
photos/42E4394C-8F73-42DE-8F42-AB70551366DB.jpg,""
photos/451AA0E3-DF30-4B13-9E36-D8BF6F4246BF.jpg,""
photos/A887DAAD-A1AE-48CF-B46E-1412DF1BCD4E.jpg,""
photos/9A80FF6A-6506-4D10-8445-12BA3EF7B325.jpg,""
photos/B9A8CF9F-FD1A-4661-A860-5C55535C72C0.jpg,""
photos/9C48D1FB-8BA6-4AAA-B770-4C747412CC8F.jpg,""
photos/52150907-6198-4744-A470-1E5C08C941CF.jpg,""
photos/F3E01444-F97D-4691-B5F5-6EF04D7B32C5.jpg,""
photos/A20B1236-2177-4BFD-9777-F31F0F2D6DC2.jpg,""
photos/4E9C4303-4C3C-47BB-8E19-EF3E9CAE3780.jpg,""
photos/875605DA-C2DF-408B-A971-1DF428E49E4A.jpg,""
photos/47B46B8C-93D1-45BB-B4A5-065A9656C32B.jpg,""
photos/B320D9A1-5D35-416A-9AF9-EBC89B9A17E1.jpg,""
photos/978FFD28-79E1-4258-9376-3571E7EC11A5.jpg,""
photos/210AE3FD-A695-4619-86A4-688F6E0CB8B6.jpg,""
photos/C7D2835F-483F-45E2-83C9-FC5649792E70.jpg,""
photos/F65ABAB3-FE7E-4340-84B5-84D7EE76A813.jpg,""
photos/4CF94276-D168-4235-B570-E1C9DFA3D2EB.jpg,""
photos/A992B485-5195-420B-A6E8-D00C1B00F395.jpg,""
photos/6DF59103-650F-4726-8744-B72558CF0F27.jpg,""
photos/F90EEFED-533C-4825-95F1-28AA13E9D77F.jpg,""
photos/CCA309E0-FF3A-42BD-9302-2AC5465B524B.jpg,""
photos/3A0C0F36-078D-4D98-B94F-AAA3A2487551.jpg,""
photos/BFF09728-34DE-4D43-B564-C251AD58010C.jpg,""
photos/D9EB0236-41A7-403D-A3E3-980BAE3C437D.jpg,""
photos/2269C837-80DB-4A84-8C28-8FC9AB05CB3C.jpg,""
photos/73A36C29-FD90-45C8-8AFA-394D5A39E533.jpg,""
photos/1E6BA71A-1200-45B1-97F3-04FED6239EA8.jpg,""
photos/58EB9C98-2982-4CCF-BECC-2105655EB772.jpg,""
photos/7CDA2BAE-18E7-4493-8E79-82DBB64526D2.jpg,""
photos/3504B29B-4EB7-4DE9-A9B4-703BF961852B.jpg,""
photos/C5303CCD-D672-44B5-8302-5E0A24D1C1AA.jpg,""
photos/B09FDF46-6405-4A7D-A29D-CB041D3F09C1.jpg,""
photos/12650D3D-C23D-426F-A0B9-A1AE44E70717.jpg,""
photos/1C5605EE-7AFD-4742-A9AF-4A5C3657418A.jpg,""
photos/AF7D528C-C876-497E-B9D7-3EC2D9C55130.jpg,""
photos/D7875F9C-F859-42D6-A56A-C26738B78D10.jpg,""
photos/5190A50D-D11F-448F-A5B6-F50CE5AA9D83.jpg,""
photos/626690BC-E707-4493-9379-368FC881E7F9.jpg,""
photos/42587938-EBD3-45B2-BA6A-D562CA86D796.jpg,""
photos/014E6BD5-0C26-4547-91E9-FA93405DF184.jpg,""
photos/87A4AA5B-2005-426B-A357-CC5C409EC705.jpg,""
photos/1D49D9FC-9833-4157-A34F-D8C967922960.jpg,""
photos/64100F59-73BF-4638-A893-67CEA0415AD7.jpg,""
photos/0788C7C4-9952-4240-9097-07C378281A29.jpg,""
photos/AF8642F4-3501-4015-80DA-4C1F8B6268F9.jpg,""
photos/5450DCC7-52CB-4C07-B60F-BD77ED92DB10.jpg,""
photos/32F6471C-0D9E-461C-80AE-BD6BA8213E53.jpg,""
photos/CC36C746-B48B-47F5-A618-BFEBF1D259FB.jpg,""
photos/C6AE026A-0B68-4DA8-8A18-F3F16B5A67E4.jpg,""
photos/128F7770-4210-4486-B7B2-67CED8C5569C.jpg,""
photos/6C5977F0-9905-4CD7-8870-60FF9920BE57.jpg,""
photos/0A6B6F55-7216-4FFD-9E76-A788B52B1425.jpg,""
photos/452865FA-C1B4-462E-BDB8-E9855661EF34.jpg,""
photos/113840CD-C8B9-4F2B-8F44-5278EB518679.jpg,""
photos/4E4BA2A1-C144-4FEB-8AA6-04FC7273C353.jpg,""
photos/762B9220-4308-469F-ADFF-B1D2A2EB0FAF.jpg,""
photos/FAC9D005-8132-4E68-9730-18A8F9FD57EF.jpg,""
photos/F15ADD7C-C3F6-4416-863B-F264F970693B.jpg,""
photos/BB4C3F93-A96A-4003-BC31-87E5DD5954B3.jpg,""
photos/8ED6F8D0-BEB0-470E-9BA7-07230F1E4419.jpg,""
photos/BC810B79-0BB3-43BD-B3DD-7F68673BAEE7.jpg,""
photos/649C0953-E958-4D15-AE90-B5927018648F.jpg,""
photos/DB4EE0AF-BA5C-4D83-B6EA-79A48A2E748D.jpg,""
photos/5FFC2526-B00F-46A0-92DC-A89F72967FBA.jpg,""
photos/316D4498-C8ED-4723-8466-B16E35D120F3.jpg,""
photos/12022CFC-EA5F-4067-B1CD-AA3A315D896F.jpg,""
photos/1C424DE9-87CD-43EE-A170-0C20170B9E8D.jpg,""
photos/5F84A2A7-3101-485C-8C12-C9AEA27F7F95.jpg,""
photos/96BFBD87-8F95-483D-A034-471CD794FB82.jpg,""
photos/E5981370-A1A2-4C6A-A250-C80FE06E6AE1.jpg,""
photos/53F070C0-619D-437A-9E1F-002DCA74424B.jpg,""
photos/3C61B9FF-CCA4-4FA2-A646-B6570FEBD171.jpg,""
photos/F7F7F235-30DC-443B-9E8C-091243805FCD.jpg,""
photos/75E89E50-25C1-466C-A4F9-610C51610191.jpg,""
photos/A6AEAAA7-BEC2-4A18-9D1B-87FE479062A8.jpg,""
photos/D5BDA9DD-B70D-421B-8158-0935A136D469.jpg,""
photos/2B2775DF-8825-4E58-9ED1-4E8688F9B61E.jpg,""
photos/BFBC0B55-CB28-42FF-AC8B-2A2D94D5BB44.jpg,""
photos/C71E8814-41D6-44F8-BE14-F3FDF0F7AA53.jpg,""
photos/3EB312E7-FCD0-4AC5-B184-B818DFFC9FF0.jpg,""
photos/A5376D01-F316-443C-8DFA-89F7CA071DEA.jpg,""
photos/7853A7D0-A7AE-49E4-8CE3-CD245D895C0A.jpg,""
photos/CE658CB7-F67E-4CB3-B4F4-23C2A4C684F4.jpg,""
photos/4B9F6989-A6AB-47F5-8AE6-F2C46CB5A879.jpg,""
photos/C65F58A4-6530-452D-808A-50883D789278.jpg,""
photos/7FF077CB-D27E-4146-8F8C-EDACE8678875.jpg,""
photos/643D8C9E-B384-4891-AC13-406F1EC78815.jpg,""
photos/C192E41A-D1B0-4E8D-9517-D38614F39C77.jpg,""
photos/8751CAED-DBF0-4973-8D23-EE65A5AAC491.jpg,""
photos/75D74B73-E260-4E42-BFF0-FF81AE0DE1B5.jpg,""
photos/27CAC9B3-A21B-4C44-92F0-1452CC25BD62.jpg,""
photos/5B757E65-9366-4B63-83E6-A4724129DD18.jpg,""
photos/4F91876C-E11A-413D-9AF7-CB926EA10997.jpg,""
photos/D102D52F-783E-4A93-9DD0-47D2471C928E.jpg,""
photos/8EDB89C6-B9AD-4FA0-9A0C-004899EDAB08.jpg,""
photos/5FD17C5E-6DDB-4D47-AD6E-2658E756E678.jpg,""
photos/B00A6407-A8F3-43E3-B72B-F2A73857CB56.jpg,""
photos/79C48A85-B065-48C7-BBA5-C42CB05736DC.jpg,""
photos/509C867D-6027-4CF9-843B-5BA485C96FB9.jpg,""
photos/63543401-9699-4F3D-81AF-97E68DC09CB9.jpg,""
photos/5B78DDCE-29A1-40CA-84AB-7ED39D9F2EF2.jpg,""
photos/B1057B66-F71B-4636-853F-DF2BCA217224.jpg,""
photos/4807E7FF-058F-472B-86B1-D5313AF75CC8.jpg,""
photos/5DBDADBE-4106-4F78-86DC-131A39396DDE.jpg,""
photos/DEF9D5F9-EE2A-43CD-8BE8-585E1B35CA1E.jpg,""
